2010123|Mr. Sara|Sara@123
2010456|Mr. Saran|Saran@123
2010567|Mr. Rajesh|Rajesh@789
2010789|Mr. Ramesh|Ramesh@456
2010345|Mr. Prabhu|Prabhu@321
2010234|Mr. Kumar|Kumar@101
2010678|Mr. Ajith|Ajith@567
2010457|Mr. Vikram|Vikram@123
2010788|Mr. Sanjay|Sanjay@234
2010124|Mr. Arjun|Arjun@456
